agent,attempt_rate,attempts,success_rate,successes
br_cfr_dumb,0.16623730371002413,30393,0.004211496068173593,128
standard_cfr,0.31240448011340566,42313,0.2506558268144542,10606
