agent,attempt_rate,attempts,success_rate,successes
dqn,0.08052480883561078,16565,0.16691820102626018,2765
standard_cfr,0.11909124615128344,22163,0.4290032937779181,9508
