agent,attempt_rate,attempts,success_rate,successes
br_cfr_medium,0.1350767487276002,26699,0.018614929398104798,497
standard_cfr,0.29118089151056603,46105,0.37054549398113,17084
