agent,attempt_rate,attempts,success_rate,successes
standard_cfr_player0,0.09188147663984095,13495,0.2091885883660615,2823
standard_cfr_player1,0.08606867138152567,12754,0.17868903873294653,2279
