agent,attempt_rate,attempts,success_rate,successes
br_cfr_smart,0.10162927089639191,15613,0.20591814513546403,3215
standard_cfr,0.08591185439853932,13269,0.20129625442761323,2671
