agent,attempt_rate,attempts,success_rate,successes
br_cfr_dumb,0.173259224621663,32606,0.003189597006685886,104
standard_cfr,0.3320838036818527,46775,0.273650454302512,12800
